,graph_object,num_tasks,num_machines,weights,order,features,psize,GD_cost,LR_cost,RLP_cost,ETF-H_cost,weak_strongman_cost
0,"{'directed': True, 'multigraph': False, 'graph': {}, 'nodes': [{'id': 0}, {'id': 1}, {'id': 2}, {'id': 3}, {'id': 4}, {'id': 5}], 'links': [{'source': 0, 'target': 5}, {'source': 1, 'target': 3}, {'source': 2, 'target': 4}, {'source': 2, 'target': 3}, {'source': 2, 'target': 5}, {'source': 3, 'target': 4}, {'source': 4, 'target': 5}]}",6,2,"[1, 1, 1, 1, 1, 1]","[[2, 1, 3, 4, 5], [0]]","[{'constant': 1, 'num_descendants': 2.0, 'trophic_levels': 1.0}, {'constant': 1, 'num_descendants': 4.0, 'trophic_levels': 1.0}, {'constant': 1, 'num_descendants': 4.0, 'trophic_levels': 1.0}, {'constant': 1, 'num_descendants': 3.0, 'trophic_levels': 2.0}, {'constant': 1, 'num_descendants': 2.0, 'trophic_levels': 2.5}, {'constant': 1, 'num_descendants': 1.0, 'trophic_levels': 2.5}]","[1.0, 4.0, 5.000009044899999, 2.9999972025000003, 1.9999899240999999, 1.0]",19.00949088673532,19.089446021084967,18.76466,18.76466469488352,17.413849083443587
1,"{'directed': True, 'multigraph': False, 'graph': {}, 'nodes': [{'id': 0}, {'id': 1}, {'id': 2}, {'id': 3}, {'id': 4}, {'id': 5}], 'links': [{'source': 0, 'target': 4}, {'source': 1, 'target': 5}, {'source': 3, 'target': 5}]}",6,2,"[1, 1, 1, 1, 1, 1]","[[0, 3, 4], [1, 2, 5]]","[{'constant': 1, 'num_descendants': 2.0, 'trophic_levels': 1.0}, {'constant': 1, 'num_descendants': 2.0, 'trophic_levels': 1.0}, {'constant': 1, 'num_descendants': 1.0, 'trophic_levels': 1.0}, {'constant': 1, 'num_descendants': 2.0, 'trophic_levels': 1.0}, {'constant': 1, 'num_descendants': 1.0, 'trophic_levels': 2.0}, {'constant': 1, 'num_descendants': 1.0, 'trophic_levels': 2.0}]","[2.9999972025000003, 2.9999972025000003, 1.9999899240999999, 2.0000182084, 1.0, 1.0]",16.63781609682247,16.767801829237285,16.58506,16.58505747976789,16.899494936611664
2,"{'directed': True, 'multigraph': False, 'graph': {}, 'nodes': [{'id': 0}, {'id': 1}, {'id': 2}, {'id': 3}, {'id': 4}, {'id': 5}], 'links': [{'source': 0, 'target': 3}, {'source': 0, 'target': 5}, {'source': 1, 'target': 3}, {'source': 1, 'target': 5}, {'source': 2, 'target': 5}, {'source': 4, 'target': 5}]}",6,2,"[1, 1, 1, 1, 1, 1]","[[0, 2, 3], [1, 4, 5]]","[{'constant': 1, 'num_descendants': 3.0, 'trophic_levels': 1.0}, {'constant': 1, 'num_descendants': 3.0, 'trophic_levels': 1.0}, {'constant': 1, 'num_descendants': 2.0, 'trophic_levels': 1.0}, {'constant': 1, 'num_descendants': 1.0, 'trophic_levels': 2.0}, {'constant': 1, 'num_descendants': 2.0, 'trophic_levels': 1.0}, {'constant': 1, 'num_descendants': 1.0, 'trophic_levels': 2.0}]","[2.9999972025000003, 2.9999972025000003, 2.0000182084, 1.0, 1.9999899240999999, 1.0]",16.600334072290654,16.793527573863972,16.58506,16.58505747976789,16.585057479767887
3,"{'directed': True, 'multigraph': False, 'graph': {}, 'nodes': [{'id': 0}, {'id': 1}, {'id': 2}, {'id': 3}, {'id': 4}, {'id': 5}], 'links': [{'source': 0, 'target': 3}, {'source': 1, 'target': 5}, {'source': 2, 'target': 5}, {'source': 3, 'target': 5}]}",6,2,"[1, 1, 1, 1, 1, 1]","[[0, 2, 4], [1, 3, 5]]","[{'constant': 1, 'num_descendants': 3.0, 'trophic_levels': 1.0}, {'constant': 1, 'num_descendants': 2.0, 'trophic_levels': 1.0}, {'constant': 1, 'num_descendants': 2.0, 'trophic_levels': 1.0}, {'constant': 1, 'num_descendants': 2.0, 'trophic_levels': 2.0}, {'constant': 1, 'num_descendants': 1.0, 'trophic_levels': 1.0}, {'constant': 1, 'num_descendants': 1.0, 'trophic_levels': 2.333333333333333}]","[3.0000318436, 2.9999972025000003, 2.0000182084, 1.9999899240999999, 1.0, 1.0]",16.67538542607449,16.810163413050553,16.58506,16.58505747976789,16.656489770562874
4,"{'directed': True, 'multigraph': False, 'graph': {}, 'nodes': [{'id': 0}, {'id': 1}, {'id': 2}, {'id': 3}, {'id': 4}, {'id': 5}], 'links': [{'source': 0, 'target': 3}, {'source': 1, 'target': 2}, {'source': 2, 'target': 3}]}",6,2,"[1, 1, 1, 1, 1, 1]","[[0, 2, 5], [1, 4, 3]]","[{'constant': 1, 'num_descendants': 2.0, 'trophic_levels': 1.0}, {'constant': 1, 'num_descendants': 3.0, 'trophic_levels': 1.0}, {'constant': 1, 'num_descendants': 2.0, 'trophic_levels': 2.0}, {'constant': 1, 'num_descendants': 1.0, 'trophic_levels': 2.5}, {'constant': 1, 'num_descendants': 1.0, 'trophic_levels': 1.0}, {'constant': 1, 'num_descendants': 1.0, 'trophic_levels': 1.0}]","[2.9991658761, 3.0008286441000003, 2.0010365763999998, 1.0, 1.9989718225000002, 1.0]",16.688298624940266,16.779645685171403,16.58506,16.58505747976789,16.828062645816683
5,"{'directed': True, 'multigraph': False, 'graph': {}, 'nodes': [{'id': 0}, {'id': 1}, {'id': 2}, {'id': 3}, {'id': 4}, {'id': 5}], 'links': [{'source': 0, 'target': 2}, {'source': 1, 'target': 5}, {'source': 1, 'target': 4}]}",6,2,"[1, 1, 1, 1, 1, 1]","[[1, 3, 4], [0, 5, 2]]","[{'constant': 1, 'num_descendants': 2.0, 'trophic_levels': 1.0}, {'constant': 1, 'num_descendants': 3.0, 'trophic_levels': 1.0}, {'constant': 1, 'num_descendants': 1.0, 'trophic_levels': 2.0}, {'constant': 1, 'num_descendants': 1.0, 'trophic_levels': 1.0}, {'constant': 1, 'num_descendants': 1.0, 'trophic_levels': 2.0}, {'constant': 1, 'num_descendants': 1.0, 'trophic_levels': 2.0}]","[2.9999625616000003, 3.0000318436, 1.0, 1.9999899240999999, 1.0, 1.9999899240999999]",16.695803598813576,16.746918585682792,16.58506,16.58505747976789,16.99963552107049
6,"{'directed': True, 'multigraph': False, 'graph': {}, 'nodes': [{'id': 0}, {'id': 1}, {'id': 2}, {'id': 3}, {'id': 4}, {'id': 5}], 'links': [{'source': 0, 'target': 3}, {'source': 0, 'target': 1}, {'source': 1, 'target': 3}, {'source': 2, 'target': 4}, {'source': 4, 'target': 5}]}",6,2,"[1, 1, 1, 1, 1, 1]","[[0, 1, 3], [2, 4, 5]]","[{'constant': 1, 'num_descendants': 3.0, 'trophic_levels': 1.0}, {'constant': 1, 'num_descendants': 2.0, 'trophic_levels': 2.0}, {'constant': 1, 'num_descendants': 3.0, 'trophic_levels': 1.0}, {'constant': 1, 'num_descendants': 1.0, 'trophic_levels': 2.5}, {'constant': 1, 'num_descendants': 2.0, 'trophic_levels': 2.0}, {'constant': 1, 'num_descendants': 1.0, 'trophic_levels': 3.0}]","[2.9999972025000003, 1.9999899240999999, 2.9999972025000003, 1.0, 1.9999899240999999, 1.0]",16.594414171528584,16.694014289892912,16.58506,16.58505747976789,16.585057479767887
7,"{'directed': True, 'multigraph': False, 'graph': {}, 'nodes': [{'id': 0}, {'id': 1}, {'id': 2}, {'id': 3}, {'id': 4}, {'id': 5}], 'links': [{'source': 0, 'target': 4}, {'source': 2, 'target': 5}, {'source': 3, 'target': 4}]}",6,2,"[1, 1, 1, 1, 1, 1]","[[0, 3, 5], [2, 1, 4]]","[{'constant': 1, 'num_descendants': 2.0, 'trophic_levels': 1.0}, {'constant': 1, 'num_descendants': 1.0, 'trophic_levels': 1.0}, {'constant': 1, 'num_descendants': 2.0, 'trophic_levels': 1.0}, {'constant': 1, 'num_descendants': 2.0, 'trophic_levels': 1.0}, {'constant': 1, 'num_descendants': 1.0, 'trophic_levels': 2.0}, {'constant': 1, 'num_descendants': 1.0, 'trophic_levels': 2.0}]","[2.9999972025000003, 1.9999899240999999, 2.9999972025000003, 2.0000182084, 1.0, 1.0]",16.63602118909575,16.767801829237285,16.58506,16.58505747976789,16.899494936611667
8,"{'directed': True, 'multigraph': False, 'graph': {}, 'nodes': [{'id': 0}, {'id': 1}, {'id': 2}, {'id': 3}, {'id': 4}, {'id': 5}], 'links': [{'source': 0, 'target': 4}, {'source': 1, 'target': 5}, {'source': 2, 'target': 5}, {'source': 2, 'target': 3}, {'source': 2, 'target': 4}]}",6,2,"[1, 1, 1, 1, 1, 1]","[[2, 1, 4], [0, 3, 5]]","[{'constant': 1, 'num_descendants': 2.0, 'trophic_levels': 1.0}, {'constant': 1, 'num_descendants': 2.0, 'trophic_levels': 1.0}, {'constant': 1, 'num_descendants': 4.0, 'trophic_levels': 1.0}, {'constant': 1, 'num_descendants': 1.0, 'trophic_levels': 2.0}, {'constant': 1, 'num_descendants': 1.0, 'trophic_levels': 2.0}, {'constant': 1, 'num_descendants': 1.0, 'trophic_levels': 2.0}]","[2.9998932804, 2.0000464929, 3.0001011264, 1.9999616399999998, 1.0, 1.0]",16.732269098641105,16.807093634490357,16.58506,16.58505747976789,16.86396103067893
9,"{'directed': True, 'multigraph': False, 'graph': {}, 'nodes': [{'id': 0}, {'id': 1}, {'id': 2}, {'id': 3}, {'id': 4}, {'id': 5}], 'links': [{'source': 0, 'target': 2}, {'source': 0, 'target': 5}, {'source': 0, 'target': 1}, {'source': 1, 'target': 2}, {'source': 4, 'target': 5}]}",6,2,"[1, 1, 1, 1, 1, 1]","[[0, 1, 5], [4, 3, 2]]","[{'constant': 1, 'num_descendants': 4.0, 'trophic_levels': 1.0}, {'constant': 1, 'num_descendants': 2.0, 'trophic_levels': 2.0}, {'constant': 1, 'num_descendants': 1.0, 'trophic_levels': 2.5}, {'constant': 1, 'num_descendants': 1.0, 'trophic_levels': 1.0}, {'constant': 1, 'num_descendants': 2.0, 'trophic_levels': 1.0}, {'constant': 1, 'num_descendants': 1.0, 'trophic_levels': 2.0}]","[2.9999972025000003, 2.0000182084, 1.0, 1.9999899240999999, 2.9999972025000003, 1.0]",16.634061111644844,16.757559174025417,16.58506,16.58505747976789,16.863961030678926
10,"{'directed': True, 'multigraph': False, 'graph': {}, 'nodes': [{'id': 0}, {'id': 1}, {'id': 2}, {'id': 3}, {'id': 4}, {'id': 5}, {'id': 6}], 'links': [{'source': 0, 'target': 4}, {'source': 1, 'target': 4}, {'source': 1, 'target': 3}, {'source': 2, 'target': 6}]}",7,2,"[1, 1, 1, 1, 1, 1, 1]","[[1, 2, 3, 6], [0, 5, 4]]","[{'constant': 1, 'num_descendants': 2.0, 'trophic_levels': 1.0}, {'constant': 1, 'num_descendants': 3.0, 'trophic_levels': 1.0}, {'constant': 1, 'num_descendants': 2.0, 'trophic_levels': 1.0}, {'constant': 1, 'num_descendants': 1.0, 'trophic_levels': 2.0}, {'constant': 1, 'num_descendants': 1.0, 'trophic_levels': 2.0}, {'constant': 1, 'num_descendants': 1.0, 'trophic_levels': 1.0}, {'constant': 1, 'num_descendants': 1.0, 'trophic_levels': 2.0}]","[2.9999972025000003, 4.0, 2.9999972025000003, 1.9999899240999999, 1.0, 1.9999899240999999, 1.0]",20.689896537841612,20.76512449187612,20.58506,20.58505747976789,21.112519696192855
11,"{'directed': True, 'multigraph': False, 'graph': {}, 'nodes': [{'id': 0}, {'id': 1}, {'id': 2}, {'id': 3}, {'id': 4}, {'id': 5}, {'id': 6}], 'links': [{'source': 0, 'target': 1}, {'source': 0, 'target': 5}, {'source': 1, 'target': 6}, {'source': 1, 'target': 4}, {'source': 2, 'target': 5}, {'source': 4, 'target': 6}, {'source': 5, 'target': 6}]}",7,2,"[1, 1, 1, 1, 1, 1, 1]","[[0, 1, 4, 6], [2, 5, 3]]","[{'constant': 1, 'num_descendants': 5.0, 'trophic_levels': 1.0}, {'constant': 1, 'num_descendants': 3.0, 'trophic_levels': 2.0}, {'constant': 1, 'num_descendants': 3.0, 'trophic_levels': 1.0}, {'constant': 1, 'num_descendants': 1.0, 'trophic_levels': 1.0}, {'constant': 1, 'num_descendants': 2.0, 'trophic_levels': 3.0}, {'constant': 1, 'num_descendants': 2.0, 'trophic_levels': 2.0}, {'constant': 1, 'num_descendants': 1.0, 'trophic_levels': 3.333333333333333}]","[4.0, 2.9999972025000003, 2.9999972025000003, 1.0, 1.9999899240999999, 1.9999899240999999, 1.0]",20.678919975255035,20.750948019228993,20.58506,20.60427063817802,20.609979839267513
12,"{'directed': True, 'multigraph': False, 'graph': {}, 'nodes': [{'id': 0}, {'id': 1}, {'id': 2}, {'id': 3}, {'id': 4}, {'id': 5}, {'id': 6}], 'links': [{'source': 0, 'target': 4}, {'source': 1, 'target': 4}, {'source': 1, 'target': 3}, {'source': 1, 'target': 6}, {'source': 2, 'target': 5}, {'source': 2, 'target': 6}, {'source': 3, 'target': 4}, {'source': 4, 'target': 6}]}",7,2,"[1, 1, 1, 1, 1, 1, 1]","[[1, 0, 4, 6], [2, 3, 5]]","[{'constant': 1, 'num_descendants': 3.0, 'trophic_levels': 1.0}, {'constant': 1, 'num_descendants': 4.0, 'trophic_levels': 1.0}, {'constant': 1, 'num_descendants': 3.0, 'trophic_levels': 1.0}, {'constant': 1, 'num_descendants': 3.0, 'trophic_levels': 2.0}, {'constant': 1, 'num_descendants': 2.0, 'trophic_levels': 2.333333333333333}, {'constant': 1, 'num_descendants': 1.0, 'trophic_levels': 2.0}, {'constant': 1, 'num_descendants': 1.0, 'trophic_levels': 2.4444444444444446}]","[2.5000036996, 3.5000048889, 3.5000048889, 2.5000036996, 1.9999899240999999, 1.0, 1.0]",20.826623751199396,20.93200568992757,20.6363,20.63629721863083,20.79808223934908
13,"{'directed': True, 'multigraph': False, 'graph': {}, 'nodes': [{'id': 0}, {'id': 1}, {'id': 2}, {'id': 3}, {'id': 4}, {'id': 5}, {'id': 6}], 'links': [{'source': 0, 'target': 2}, {'source': 1, 'target': 6}, {'source': 1, 'target': 5}, {'source': 2, 'target': 6}, {'source': 2, 'target': 3}, {'source': 3, 'target': 5}, {'source': 3, 'target': 4}, {'source': 3, 'target': 6}]}",7,2,"[1, 1, 1, 1, 1, 1, 1]","[[1, 2, 3, 5, 6], [0, 4]]","[{'constant': 1, 'num_descendants': 6.0, 'trophic_levels': 1.0}, {'constant': 1, 'num_descendants': 3.0, 'trophic_levels': 1.0}, {'constant': 1, 'num_descendants': 5.0, 'trophic_levels': 2.0}, {'constant': 1, 'num_descendants': 4.0, 'trophic_levels': 3.0}, {'constant': 1, 'num_descendants': 1.0, 'trophic_levels': 4.0}, {'constant': 1, 'num_descendants': 1.0, 'trophic_levels': 3.0}, {'constant': 1, 'num_descendants': 1.0, 'trophic_levels': 3.0}]","[3.5000048889, 3.5000048889, 5.000009044899999, 4.0, 1.0, 1.9999899240999999, 1.0]",23.230736660063847,23.25581114884306,22.78388,22.783877853293653,22.68051651732444
14,"{'directed': True, 'multigraph': False, 'graph': {}, 'nodes': [{'id': 0}, {'id': 1}, {'id': 2}, {'id': 3}, {'id': 4}, {'id': 5}, {'id': 6}], 'links': [{'source': 0, 'target': 3}, {'source': 1, 'target': 4}, {'source': 2, 'target': 4}, {'source': 2, 'target': 6}, {'source': 4, 'target': 6}, {'source': 5, 'target': 6}]}",7,2,"[1, 1, 1, 1, 1, 1, 1]","[[2, 1, 4, 6], [0, 5, 3]]","[{'constant': 1, 'num_descendants': 2.0, 'trophic_levels': 1.0}, {'constant': 1, 'num_descendants': 3.0, 'trophic_levels': 1.0}, {'constant': 1, 'num_descendants': 3.0, 'trophic_levels': 1.0}, {'constant': 1, 'num_descendants': 1.0, 'trophic_levels': 2.0}, {'constant': 1, 'num_descendants': 2.0, 'trophic_levels': 2.0}, {'constant': 1, 'num_descendants': 2.0, 'trophic_levels': 1.0}, {'constant': 1, 'num_descendants': 1.0, 'trophic_levels': 2.333333333333333}]","[2.9999972025000003, 2.9999972025000003, 4.0, 1.0, 1.9999899240999999, 1.9999899240999999, 1.0]",20.649168007067743,20.778566439099862,20.58506,20.58505747976789,20.697941654890254
15,"{'directed': True, 'multigraph': False, 'graph': {}, 'nodes': [{'id': 0}, {'id': 1}, {'id': 2}, {'id': 3}, {'id': 4}, {'id': 5}, {'id': 6}], 'links': [{'source': 0, 'target': 4}, {'source': 0, 'target': 5}, {'source': 0, 'target': 3}, {'source': 1, 'target': 3}, {'source': 1, 'target': 4}, {'source': 2, 'target': 4}, {'source': 3, 'target': 5}, {'source': 4, 'target': 5}, {'source': 5, 'target': 6}]}",7,2,"[1, 1, 1, 1, 1, 1, 1]","[[0, 2, 4, 5, 6], [1, 3]]","[{'constant': 1, 'num_descendants': 5.0, 'trophic_levels': 1.0}, {'constant': 1, 'num_descendants': 5.0, 'trophic_levels': 1.0}, {'constant': 1, 'num_descendants': 4.0, 'trophic_levels': 1.0}, {'constant': 1, 'num_descendants': 3.0, 'trophic_levels': 2.0}, {'constant': 1, 'num_descendants': 3.0, 'trophic_levels': 2.0}, {'constant': 1, 'num_descendants': 2.0, 'trophic_levels': 2.6666666666666665}, {'constant': 1, 'num_descendants': 1.0, 'trophic_levels': 3.6666666666666665}]","[4.7732636483999995, 2.2267503728999998, 3.7732674001000004, 1.2267334564, 2.7732573961000004, 1.9999899240999999, 1.0]",22.055014151348946,22.185304012661707,21.6132,21.775843513431827,22.204560940141732
16,"{'directed': True, 'multigraph': False, 'graph': {}, 'nodes': [{'id': 0}, {'id': 1}, {'id': 2}, {'id': 3}, {'id': 4}, {'id': 5}, {'id': 6}], 'links': [{'source': 1, 'target': 5}, {'source': 1, 'target': 2}, {'source': 2, 'target': 5}, {'source': 2, 'target': 6}, {'source': 2, 'target': 4}]}",7,2,"[1, 1, 1, 1, 1, 1, 1]","[[1, 2, 5, 4], [0, 3, 6]]","[{'constant': 1, 'num_descendants': 1.0, 'trophic_levels': 1.0}, {'constant': 1, 'num_descendants': 5.0, 'trophic_levels': 1.0}, {'constant': 1, 'num_descendants': 4.0, 'trophic_levels': 2.0}, {'constant': 1, 'num_descendants': 1.0, 'trophic_levels': 1.0}, {'constant': 1, 'num_descendants': 1.0, 'trophic_levels': 3.0}, {'constant': 1, 'num_descendants': 1.0, 'trophic_levels': 2.5}, {'constant': 1, 'num_descendants': 1.0, 'trophic_levels': 3.0}]","[2.9999972025000003, 4.0, 2.9999972025000003, 1.9999899240999999, 1.0, 1.9999899240999999, 1.0]",20.715768247046867,20.77302398652927,20.58506,20.63629721863083,21.524922359499623
17,"{'directed': True, 'multigraph': False, 'graph': {}, 'nodes': [{'id': 0}, {'id': 1}, {'id': 2}, {'id': 3}, {'id': 4}, {'id': 5}, {'id': 6}], 'links': [{'source': 0, 'target': 3}, {'source': 1, 'target': 5}, {'source': 3, 'target': 4}, {'source': 3, 'target': 5}, {'source': 5, 'target': 6}]}",7,2,"[1, 1, 1, 1, 1, 1, 1]","[[0, 3, 5, 6], [1, 2, 4]]","[{'constant': 1, 'num_descendants': 5.0, 'trophic_levels': 1.0}, {'constant': 1, 'num_descendants': 3.0, 'trophic_levels': 1.0}, {'constant': 1, 'num_descendants': 1.0, 'trophic_levels': 1.0}, {'constant': 1, 'num_descendants': 4.0, 'trophic_levels': 2.0}, {'constant': 1, 'num_descendants': 1.0, 'trophic_levels': 3.0}, {'constant': 1, 'num_descendants': 2.0, 'trophic_levels': 2.5}, {'constant': 1, 'num_descendants': 1.0, 'trophic_levels': 3.5}]","[4.0, 2.9999972025000003, 1.9999899240999999, 2.9999972025000003, 1.0, 1.9999899240999999, 1.0]",20.59400502468246,20.67008608183051,20.58506,20.63629721863083,20.817451099383568
18,"{'directed': True, 'multigraph': False, 'graph': {}, 'nodes': [{'id': 0}, {'id': 1}, {'id': 2}, {'id': 3}, {'id': 4}, {'id': 5}, {'id': 6}], 'links': [{'source': 0, 'target': 3}, {'source': 0, 'target': 1}, {'source': 1, 'target': 2}, {'source': 1, 'target': 5}, {'source': 1, 'target': 4}, {'source': 2, 'target': 3}, {'source': 3, 'target': 4}, {'source': 3, 'target': 5}, {'source': 4, 'target': 5}]}",7,2,"[1, 1, 1, 1, 1, 1, 1]","[[0, 1, 2, 3, 4, 5], [6]]","[{'constant': 1, 'num_descendants': 6.0, 'trophic_levels': 1.0}, {'constant': 1, 'num_descendants': 5.0, 'trophic_levels': 2.0}, {'constant': 1, 'num_descendants': 4.0, 'trophic_levels': 3.0}, {'constant': 1, 'num_descendants': 3.0, 'trophic_levels': 3.0}, {'constant': 1, 'num_descendants': 2.0, 'trophic_levels': 3.5}, {'constant': 1, 'num_descendants': 1.0, 'trophic_levels': 3.833333333333333}, {'constant': 1, 'num_descendants': 1.0, 'trophic_levels': 1.0}]","[6.0000012600999995, 5.000009044899999, 4.0, 2.9999972025000003, 1.9999899240999999, 1.0, 1.0]",23.797248042332846,23.82168849636013,23.66364,23.66364418044988,23.66364418044988
19,"{'directed': True, 'multigraph': False, 'graph': {}, 'nodes': [{'id': 0}, {'id': 1}, {'id': 2}, {'id': 3}, {'id': 4}, {'id': 5}, {'id': 6}], 'links': [{'source': 0, 'target': 1}, {'source': 0, 'target': 4}, {'source': 1, 'target': 4}, {'source': 1, 'target': 3}, {'source': 2, 'target': 3}, {'source': 3, 'target': 6}]}",7,2,"[1, 1, 1, 1, 1, 1, 1]","[[0, 1, 3, 6], [2, 5, 4]]","[{'constant': 1, 'num_descendants': 5.0, 'trophic_levels': 1.0}, {'constant': 1, 'num_descendants': 4.0, 'trophic_levels': 2.0}, {'constant': 1, 'num_descendants': 3.0, 'trophic_levels': 1.0}, {'constant': 1, 'num_descendants': 2.0, 'trophic_levels': 2.5}, {'constant': 1, 'num_descendants': 1.0, 'trophic_levels': 2.5}, {'constant': 1, 'num_descendants': 1.0, 'trophic_levels': 1.0}, {'constant': 1, 'num_descendants': 1.0, 'trophic_levels': 3.5}]","[4.0, 2.9999972025000003, 2.9999972025000003, 1.9999899240999999, 1.0, 1.9999899240999999, 1.0]",20.61162222874236,20.689280321117796,20.58506,20.63629721863083,20.817451099383568
20,"{'directed': True, 'multigraph': False, 'graph': {}, 'nodes': [{'id': 0}, {'id': 1}, {'id': 2}, {'id': 3}, {'id': 4}, {'id': 5}, {'id': 6}, {'id': 7}], 'links': [{'source': 0, 'target': 3}, {'source': 0, 'target': 1}, {'source': 1, 'target': 4}, {'source': 6, 'target': 7}]}",8,2,"[1, 1, 1, 1, 1, 1, 1, 1]","[[0, 1, 5, 7], [6, 2, 3, 4]]","[{'constant': 1, 'num_descendants': 4.0, 'trophic_levels': 1.0}, {'constant': 1, 'num_descendants': 2.0, 'trophic_levels': 2.0}, {'constant': 1, 'num_descendants': 1.0, 'trophic_levels': 1.0}, {'constant': 1, 'num_descendants': 1.0, 'trophic_levels': 2.0}, {'constant': 1, 'num_descendants': 1.0, 'trophic_levels': 3.0}, {'constant': 1, 'num_descendants': 1.0, 'trophic_levels': 1.0}, {'constant': 1, 'num_descendants': 2.0, 'trophic_levels': 1.0}, {'constant': 1, 'num_descendants': 1.0, 'trophic_levels': 2.0}]","[4.0, 2.9999972025000003, 2.9999972025000003, 1.9999899240999999, 1.0, 1.9999899240999999, 4.0, 1.0]",24.790176379222515,24.876269197776033,24.58506,24.58505747976789,25.77817459305202
21,"{'directed': True, 'multigraph': False, 'graph': {}, 'nodes': [{'id': 0}, {'id': 1}, {'id': 2}, {'id': 3}, {'id': 4}, {'id': 5}, {'id': 6}, {'id': 7}], 'links': [{'source': 0, 'target': 1}, {'source': 0, 'target': 4}, {'source': 1, 'target': 6}, {'source': 2, 'target': 3}, {'source': 2, 'target': 5}, {'source': 2, 'target': 7}, {'source': 3, 'target': 6}, {'source': 4, 'target': 5}, {'source': 6, 'target': 7}]}",8,2,"[1, 1, 1, 1, 1, 1, 1, 1]","[[2, 3, 4, 5], [0, 1, 6, 7]]","[{'constant': 1, 'num_descendants': 6.0, 'trophic_levels': 1.0}, {'constant': 1, 'num_descendants': 3.0, 'trophic_levels': 2.0}, {'constant': 1, 'num_descendants': 5.0, 'trophic_levels': 1.0}, {'constant': 1, 'num_descendants': 3.0, 'trophic_levels': 2.0}, {'constant': 1, 'num_descendants': 2.0, 'trophic_levels': 2.0}, {'constant': 1, 'num_descendants': 1.0, 'trophic_levels': 2.5}, {'constant': 1, 'num_descendants': 2.0, 'trophic_levels': 3.0}, {'constant': 1, 'num_descendants': 1.0, 'trophic_levels': 3.0}]","[3.9994800169, 2.99947761, 4.0005200168999995, 3.0005514841000003, 1.9999899240999999, 1.0, 1.9999899240999999, 1.0]",24.70566556345466,24.78967209773264,24.58506,24.58505747976789,24.692462743906145
22,"{'directed': True, 'multigraph': False, 'graph': {}, 'nodes': [{'id': 0}, {'id': 1}, {'id': 2}, {'id': 3}, {'id': 4}, {'id': 5}, {'id': 6}, {'id': 7}], 'links': [{'source': 0, 'target': 6}, {'source': 1, 'target': 7}, {'source': 1, 'target': 5}, {'source': 1, 'target': 2}, {'source': 2, 'target': 6}, {'source': 2, 'target': 3}, {'source': 3, 'target': 4}, {'source': 3, 'target': 5}, {'source': 6, 'target': 7}]}",8,2,"[1, 1, 1, 1, 1, 1, 1, 1]","[[1, 2, 3, 4, 7], [0, 6, 5]]","[{'constant': 1, 'num_descendants': 3.0, 'trophic_levels': 1.0}, {'constant': 1, 'num_descendants': 7.0, 'trophic_levels': 1.0}, {'constant': 1, 'num_descendants': 6.0, 'trophic_levels': 2.0}, {'constant': 1, 'num_descendants': 3.0, 'trophic_levels': 3.0}, {'constant': 1, 'num_descendants': 1.0, 'trophic_levels': 4.0}, {'constant': 1, 'num_descendants': 1.0, 'trophic_levels': 3.0}, {'constant': 1, 'num_descendants': 2.0, 'trophic_levels': 2.5}, {'constant': 1, 'num_descendants': 1.0, 'trophic_levels': 2.75}]","[1.4937483961000002, 6.506274547599999, 5.5062499716, 2.9999972025000003, 1.9999899240999999, 1.0, 1.9999899240999999, 1.0]",25.843788786213572,25.843788786213572,25.35989,25.771039025832305,25.79241192433799
23,"{'directed': True, 'multigraph': False, 'graph': {}, 'nodes': [{'id': 0}, {'id': 1}, {'id': 2}, {'id': 3}, {'id': 4}, {'id': 5}, {'id': 6}, {'id': 7}], 'links': [{'source': 0, 'target': 6}, {'source': 0, 'target': 2}, {'source': 2, 'target': 5}, {'source': 5, 'target': 6}, {'source': 6, 'target': 7}]}",8,2,"[1, 1, 1, 1, 1, 1, 1, 1]","[[0, 2, 5, 6, 7], [1, 3, 4]]","[{'constant': 1, 'num_descendants': 5.0, 'trophic_levels': 1.0}, {'constant': 1, 'num_descendants': 1.0, 'trophic_levels': 1.0}, {'constant': 1, 'num_descendants': 4.0, 'trophic_levels': 2.0}, {'constant': 1, 'num_descendants': 1.0, 'trophic_levels': 1.0}, {'constant': 1, 'num_descendants': 1.0, 'trophic_levels': 1.0}, {'constant': 1, 'num_descendants': 3.0, 'trophic_levels': 3.0}, {'constant': 1, 'num_descendants': 2.0, 'trophic_levels': 3.0}, {'constant': 1, 'num_descendants': 1.0, 'trophic_levels': 4.0}]","[5.000009044899999, 2.9999972025000003, 4.0, 1.9999899240999999, 1.0, 2.9999972025000003, 1.9999899240999999, 1.0]",25.253799738661577,25.26228598798118,25.05719,25.057193434767466,25.76466469488352
24,"{'directed': True, 'multigraph': False, 'graph': {}, 'nodes': [{'id': 0}, {'id': 1}, {'id': 2}, {'id': 3}, {'id': 4}, {'id': 5}, {'id': 6}, {'id': 7}], 'links': [{'source': 0, 'target': 1}, {'source': 0, 'target': 7}, {'source': 0, 'target': 3}, {'source': 0, 'target': 4}, {'source': 1, 'target': 7}, {'source': 1, 'target': 4}, {'source': 2, 'target': 6}, {'source': 3, 'target': 7}, {'source': 3, 'target': 4}, {'source': 4, 'target': 5}]}",8,2,"[1, 1, 1, 1, 1, 1, 1, 1]","[[0, 1, 2, 7, 5], [3, 4, 6]]","[{'constant': 1, 'num_descendants': 6.0, 'trophic_levels': 1.0}, {'constant': 1, 'num_descendants': 4.0, 'trophic_levels': 2.0}, {'constant': 1, 'num_descendants': 2.0, 'trophic_levels': 1.0}, {'constant': 1, 'num_descendants': 4.0, 'trophic_levels': 2.0}, {'constant': 1, 'num_descendants': 2.0, 'trophic_levels': 2.6666666666666665}, {'constant': 1, 'num_descendants': 1.0, 'trophic_levels': 3.6666666666666665}, {'constant': 1, 'num_descendants': 1.0, 'trophic_levels': 2.0}, {'constant': 1, 'num_descendants': 1.0, 'trophic_levels': 2.6666666666666665}]","[8.0000162649, 4.0, 2.9999972025000003, 2.9999972025000003, 1.9999899240999999, 1.0, 1.0, 1.9999899240999999]",26.36775199706163,26.433122034281794,26.24191,26.293151468123213,26.579437097173006
25,"{'directed': True, 'multigraph': False, 'graph': {}, 'nodes': [{'id': 0}, {'id': 1}, {'id': 2}, {'id': 3}, {'id': 4}, {'id': 5}, {'id': 6}, {'id': 7}], 'links': [{'source': 0, 'target': 3}, {'source': 0, 'target': 6}, {'source': 1, 'target': 6}, {'source': 1, 'target': 4}, {'source': 3, 'target': 7}, {'source': 5, 'target': 7}, {'source': 5, 'target': 6}]}",8,2,"[1, 1, 1, 1, 1, 1, 1, 1]","[[0, 5, 2, 6], [1, 3, 4, 7]]","[{'constant': 1, 'num_descendants': 4.0, 'trophic_levels': 1.0}, {'constant': 1, 'num_descendants': 3.0, 'trophic_levels': 1.0}, {'constant': 1, 'num_descendants': 1.0, 'trophic_levels': 1.0}, {'constant': 1, 'num_descendants': 2.0, 'trophic_levels': 2.0}, {'constant': 1, 'num_descendants': 1.0, 'trophic_levels': 2.0}, {'constant': 1, 'num_descendants': 3.0, 'trophic_levels': 1.0}, {'constant': 1, 'num_descendants': 1.0, 'trophic_levels': 2.0}, {'constant': 1, 'num_descendants': 1.0, 'trophic_levels': 2.5}]","[4.0002400036, 3.9997600036, 1.9999899240999999, 2.9999972025000003, 1.9999899240999999, 2.9999972025000003, 1.0, 1.0]",24.724107057085334,24.759551204026124,24.58506,24.58505747976789,25.041087405397874
26,"{'directed': True, 'multigraph': False, 'graph': {}, 'nodes': [{'id': 0}, {'id': 1}, {'id': 2}, {'id': 3}, {'id': 4}, {'id': 5}, {'id': 6}, {'id': 7}], 'links': [{'source': 0, 'target': 1}, {'source': 0, 'target': 2}, {'source': 0, 'target': 7}, {'source': 1, 'target': 3}, {'source': 1, 'target': 5}, {'source': 1, 'target': 4}, {'source': 1, 'target': 6}, {'source': 2, 'target': 4}, {'source': 4, 'target': 7}, {'source': 6, 'target': 7}]}",8,2,"[1, 1, 1, 1, 1, 1, 1, 1]","[[0, 1, 6, 3, 7], [2, 4, 5]]","[{'constant': 1, 'num_descendants': 8.0, 'trophic_levels': 1.0}, {'constant': 1, 'num_descendants': 6.0, 'trophic_levels': 2.0}, {'constant': 1, 'num_descendants': 3.0, 'trophic_levels': 2.0}, {'constant': 1, 'num_descendants': 1.0, 'trophic_levels': 3.0}, {'constant': 1, 'num_descendants': 2.0, 'trophic_levels': 3.0}, {'constant': 1, 'num_descendants': 1.0, 'trophic_levels': 3.0}, {'constant': 1, 'num_descendants': 2.0, 'trophic_levels': 3.0}, {'constant': 1, 'num_descendants': 1.0, 'trophic_levels': 3.333333333333333}]","[8.0000162649, 4.0, 2.9999972025000003, 1.9999899240999999, 1.9999899240999999, 1.0, 2.9999972025000003, 1.0]",26.055593340348132,26.055593340348132,26.24191,25.907571497077125,26.567399799947694
27,"{'directed': True, 'multigraph': False, 'graph': {}, 'nodes': [{'id': 0}, {'id': 1}, {'id': 2}, {'id': 3}, {'id': 4}, {'id': 5}, {'id': 6}, {'id': 7}], 'links': [{'source': 1, 'target': 6}, {'source': 1, 'target': 4}, {'source': 1, 'target': 7}, {'source': 1, 'target': 2}, {'source': 2, 'target': 3}, {'source': 2, 'target': 7}, {'source': 3, 'target': 7}, {'source': 4, 'target': 7}, {'source': 5, 'target': 7}]}",8,2,"[1, 1, 1, 1, 1, 1, 1, 1]","[[1, 2, 3, 6], [5, 4, 0, 7]]","[{'constant': 1, 'num_descendants': 1.0, 'trophic_levels': 1.0}, {'constant': 1, 'num_descendants': 6.0, 'trophic_levels': 1.0}, {'constant': 1, 'num_descendants': 3.0, 'trophic_levels': 2.0}, {'constant': 1, 'num_descendants': 2.0, 'trophic_levels': 3.0}, {'constant': 1, 'num_descendants': 2.0, 'trophic_levels': 2.0}, {'constant': 1, 'num_descendants': 2.0, 'trophic_levels': 1.0}, {'constant': 1, 'num_descendants': 1.0, 'trophic_levels': 2.0}, {'constant': 1, 'num_descendants': 1.0, 'trophic_levels': 2.8}]","[1.9999333561000001, 4.0002800049000005, 3.0000664849, 2.0000747775999996, 2.9999279209, 3.9997200049, 1.0, 1.0]",24.81300831551455,24.84347797210563,24.58506,24.58505747976789,25.153186237574598
28,"{'directed': True, 'multigraph': False, 'graph': {}, 'nodes': [{'id': 0}, {'id': 1}, {'id': 2}, {'id': 3}, {'id': 4}, {'id': 5}, {'id': 6}, {'id': 7}], 'links': [{'source': 0, 'target': 2}, {'source': 0, 'target': 6}, {'source': 1, 'target': 5}, {'source': 1, 'target': 6}, {'source': 1, 'target': 7}, {'source': 2, 'target': 7}, {'source': 2, 'target': 5}, {'source': 2, 'target': 6}, {'source': 3, 'target': 5}, {'source': 4, 'target': 6}]}",8,2,"[1, 1, 1, 1, 1, 1, 1, 1]","[[1, 2, 4, 5], [0, 3, 7, 6]]","[{'constant': 1, 'num_descendants': 5.0, 'trophic_levels': 1.0}, {'constant': 1, 'num_descendants': 4.0, 'trophic_levels': 1.0}, {'constant': 1, 'num_descendants': 4.0, 'trophic_levels': 2.0}, {'constant': 1, 'num_descendants': 2.0, 'trophic_levels': 1.0}, {'constant': 1, 'num_descendants': 2.0, 'trophic_levels': 1.0}, {'constant': 1, 'num_descendants': 1.0, 'trophic_levels': 2.333333333333333}, {'constant': 1, 'num_descendants': 1.0, 'trophic_levels': 2.25}, {'constant': 1, 'num_descendants': 1.0, 'trophic_levels': 2.5}]","[4.000120000900001, 3.9998800009, 3.0002050521, 2.9997893601, 2.0000747775999996, 1.0, 1.0, 1.9999333561000001]",24.745920705007904,24.790227141638674,24.58506,24.58505747976789,24.88888339017855
29,"{'directed': True, 'multigraph': False, 'graph': {}, 'nodes': [{'id': 0}, {'id': 1}, {'id': 2}, {'id': 3}, {'id': 4}, {'id': 5}, {'id': 6}, {'id': 7}], 'links': [{'source': 0, 'target': 7}, {'source': 0, 'target': 3}, {'source': 0, 'target': 5}, {'source': 3, 'target': 6}, {'source': 3, 'target': 5}, {'source': 3, 'target': 4}, {'source': 4, 'target': 5}, {'source': 4, 'target': 7}, {'source': 6, 'target': 7}]}",8,2,"[1, 1, 1, 1, 1, 1, 1, 1]","[[0, 3, 4, 1, 5], [6, 2, 7]]","[{'constant': 1, 'num_descendants': 6.0, 'trophic_levels': 1.0}, {'constant': 1, 'num_descendants': 1.0, 'trophic_levels': 1.0}, {'constant': 1, 'num_descendants': 1.0, 'trophic_levels': 1.0}, {'constant': 1, 'num_descendants': 5.0, 'trophic_levels': 2.0}, {'constant': 1, 'num_descendants': 3.0, 'trophic_levels': 3.0}, {'constant': 1, 'num_descendants': 1.0, 'trophic_levels': 3.0}, {'constant': 1, 'num_descendants': 2.0, 'trophic_levels': 3.0}, {'constant': 1, 'num_descendants': 1.0, 'trophic_levels': 3.333333333333333}]","[8.0000162649, 1.9999899240999999, 1.9999899240999999, 6.999993062500001, 2.9999972025000003, 1.0, 2.9999972025000003, 1.0]",26.146556939969173,26.283179850263576,27.53341,26.0947897066004,28.08167473356407
30,"{'directed': True, 'multigraph': False, 'graph': {}, 'nodes': [{'id': 0}, {'id': 1}, {'id': 2}, {'id': 3}, {'id': 4}, {'id': 5}, {'id': 6}, {'id': 7}, {'id': 8}], 'links': [{'source': 0, 'target': 8}, {'source': 0, 'target': 3}, {'source': 1, 'target': 2}, {'source': 1, 'target': 5}, {'source': 2, 'target': 7}, {'source': 4, 'target': 8}, {'source': 5, 'target': 8}, {'source': 6, 'target': 8}, {'source': 7, 'target': 8}]}",9,2,"[1, 1, 1, 1, 1, 1, 1, 1, 1]","[[0, 4, 2, 7, 8], [1, 6, 5, 3]]","[{'constant': 1, 'num_descendants': 3.0, 'trophic_levels': 1.0}, {'constant': 1, 'num_descendants': 5.0, 'trophic_levels': 1.0}, {'constant': 1, 'num_descendants': 3.0, 'trophic_levels': 2.0}, {'constant': 1, 'num_descendants': 1.0, 'trophic_levels': 2.0}, {'constant': 1, 'num_descendants': 2.0, 'trophic_levels': 1.0}, {'constant': 1, 'num_descendants': 2.0, 'trophic_levels': 2.0}, {'constant': 1, 'num_descendants': 2.0, 'trophic_levels': 1.0}, {'constant': 1, 'num_descendants': 2.0, 'trophic_levels': 3.0}, {'constant': 1, 'num_descendants': 1.0, 'trophic_levels': 2.6}]","[5.000009044899999, 4.0, 2.9999972025000003, 1.0, 4.0, 1.9999899240999999, 2.9999972025000003, 1.9999899240999999, 1.0]",29.263439290750128,29.378324926128826,29.05719,29.05719343476747,29.282961785012194
31,"{'directed': True, 'multigraph': False, 'graph': {}, 'nodes': [{'id': 0}, {'id': 1}, {'id': 2}, {'id': 3}, {'id': 4}, {'id': 5}, {'id': 6}, {'id': 7}, {'id': 8}], 'links': [{'source': 0, 'target': 3}, {'source': 0, 'target': 1}, {'source': 0, 'target': 2}, {'source': 1, 'target': 7}, {'source': 1, 'target': 5}, {'source': 1, 'target': 8}, {'source': 1, 'target': 6}, {'source': 1, 'target': 4}, {'source': 1, 'target': 2}, {'source': 2, 'target': 5}, {'source': 3, 'target': 8}, {'source': 3, 'target': 5}, {'source': 4, 'target': 6}, {'source': 4, 'target': 7}, {'source': 5, 'target': 6}, {'source': 6, 'target': 7}]}",9,2,"[1, 1, 1, 1, 1, 1, 1, 1, 1]","[[0, 1, 4, 5, 6, 7], [3, 2, 8]]","[{'constant': 1, 'num_descendants': 9.0, 'trophic_levels': 1.0}, {'constant': 1, 'num_descendants': 7.0, 'trophic_levels': 2.0}, {'constant': 1, 'num_descendants': 4.0, 'trophic_levels': 2.5}, {'constant': 1, 'num_descendants': 5.0, 'trophic_levels': 2.0}, {'constant': 1, 'num_descendants': 3.0, 'trophic_levels': 3.0}, {'constant': 1, 'num_descendants': 3.0, 'trophic_levels': 3.1666666666666665}, {'constant': 1, 'num_descendants': 2.0, 'trophic_levels': 3.7222222222222223}, {'constant': 1, 'num_descendants': 1.0, 'trophic_levels': 3.9074074074074074}, {'constant': 1, 'num_descendants': 1.0, 'trophic_levels': 3.0}]","[9.0, 4.0000400001, 3.0000318436, 3.9999600000999997, 2.9999972025000003, 2.9999972025000003, 1.9999899240999999, 1.0, 1.0]",30.95325920323912,30.96266589278825,31.22073,30.88739863682612,31.29256252594246
32,"{'directed': True, 'multigraph': False, 'graph': {}, 'nodes': [{'id': 0}, {'id': 1}, {'id': 2}, {'id': 3}, {'id': 4}, {'id': 5}, {'id': 6}, {'id': 7}, {'id': 8}], 'links': [{'source': 0, 'target': 1}, {'source': 0, 'target': 4}, {'source': 1, 'target': 7}, {'source': 2, 'target': 7}, {'source': 2, 'target': 4}, {'source': 2, 'target': 3}, {'source': 3, 'target': 7}, {'source': 4, 'target': 7}, {'source': 5, 'target': 8}, {'source': 5, 'target': 7}]}",9,2,"[1, 1, 1, 1, 1, 1, 1, 1, 1]","[[2, 5, 1, 6, 7], [0, 3, 4, 8]]","[{'constant': 1, 'num_descendants': 4.0, 'trophic_levels': 1.0}, {'constant': 1, 'num_descendants': 2.0, 'trophic_levels': 2.0}, {'constant': 1, 'num_descendants': 4.0, 'trophic_levels': 1.0}, {'constant': 1, 'num_descendants': 2.0, 'trophic_levels': 2.0}, {'constant': 1, 'num_descendants': 2.0, 'trophic_levels': 2.0}, {'constant': 1, 'num_descendants': 3.0, 'trophic_levels': 1.0}, {'constant': 1, 'num_descendants': 1.0, 'trophic_levels': 1.0}, {'constant': 1, 'num_descendants': 1.0, 'trophic_levels': 2.6}, {'constant': 1, 'num_descendants': 1.0, 'trophic_levels': 2.0}]","[4.0, 2.9999972025000003, 5.000009044899999, 2.9999972025000003, 1.9999899240999999, 4.0, 1.9999899240999999, 1.0, 1.0]",29.162304462903307,29.27522474414348,29.05719,29.07033885400646,29.440946820939043
33,"{'directed': True, 'multigraph': False, 'graph': {}, 'nodes': [{'id': 0}, {'id': 1}, {'id': 2}, {'id': 3}, {'id': 4}, {'id': 5}, {'id': 6}, {'id': 7}, {'id': 8}], 'links': [{'source': 0, 'target': 8}, {'source': 1, 'target': 8}, {'source': 3, 'target': 8}, {'source': 4, 'target': 8}, {'source': 6, 'target': 8}, {'source': 7, 'target': 8}]}",9,2,"[1, 1, 1, 1, 1, 1, 1, 1, 1]","[[0, 3, 6, 2, 8], [1, 4, 7, 5]]","[{'constant': 1, 'num_descendants': 2.0, 'trophic_levels': 1.0}, {'constant': 1, 'num_descendants': 2.0, 'trophic_levels': 1.0}, {'constant': 1, 'num_descendants': 1.0, 'trophic_levels': 1.0}, {'constant': 1, 'num_descendants': 2.0, 'trophic_levels': 1.0}, {'constant': 1, 'num_descendants': 2.0, 'trophic_levels': 1.0}, {'constant': 1, 'num_descendants': 1.0, 'trophic_levels': 1.0}, {'constant': 1, 'num_descendants': 2.0, 'trophic_levels': 1.0}, {'constant': 1, 'num_descendants': 2.0, 'trophic_levels': 1.0}, {'constant': 1, 'num_descendants': 1.0, 'trophic_levels': 2.0}]","[5.000009044899999, 4.0, 1.9999899240999999, 4.0, 2.9999972025000003, 1.0, 2.9999972025000003, 1.9999899240999999, 1.0]",29.461939881568405,29.6800561969905,29.05719,29.05719343476747,30.33452377915607
34,"{'directed': True, 'multigraph': False, 'graph': {}, 'nodes': [{'id': 0}, {'id': 1}, {'id': 2}, {'id': 3}, {'id': 4}, {'id': 5}, {'id': 6}, {'id': 7}, {'id': 8}], 'links': [{'source': 0, 'target': 7}, {'source': 0, 'target': 1}, {'source': 1, 'target': 5}, {'source': 3, 'target': 5}, {'source': 5, 'target': 6}, {'source': 6, 'target': 8}, {'source': 6, 'target': 7}, {'source': 7, 'target': 8}]}",9,2,"[1, 1, 1, 1, 1, 1, 1, 1, 1]","[[0, 1, 5, 6, 7, 8], [3, 2, 4]]","[{'constant': 1, 'num_descendants': 6.0, 'trophic_levels': 1.0}, {'constant': 1, 'num_descendants': 5.0, 'trophic_levels': 2.0}, {'constant': 1, 'num_descendants': 1.0, 'trophic_levels': 1.0}, {'constant': 1, 'num_descendants': 5.0, 'trophic_levels': 1.0}, {'constant': 1, 'num_descendants': 1.0, 'trophic_levels': 1.0}, {'constant': 1, 'num_descendants': 4.0, 'trophic_levels': 2.5}, {'constant': 1, 'num_descendants': 3.0, 'trophic_levels': 3.5}, {'constant': 1, 'num_descendants': 2.0, 'trophic_levels': 3.25}, {'constant': 1, 'num_descendants': 1.0, 'trophic_levels': 4.375}]","[6.0000012600999995, 5.000009044899999, 1.9999899240999999, 2.9999972025000003, 1.0, 4.0, 2.9999972025000003, 1.9999899240999999, 1.0]",30.18196398483773,30.193139111924918,29.95617,29.95617292033382,30.241352944449545
35,"{'directed': True, 'multigraph': False, 'graph': {}, 'nodes': [{'id': 0}, {'id': 1}, {'id': 2}, {'id': 3}, {'id': 4}, {'id': 5}, {'id': 6}, {'id': 7}, {'id': 8}], 'links': [{'source': 0, 'target': 3}, {'source': 0, 'target': 5}, {'source': 0, 'target': 6}, {'source': 1, 'target': 2}, {'source': 1, 'target': 7}, {'source': 2, 'target': 3}, {'source': 2, 'target': 6}, {'source': 2, 'target': 4}, {'source': 3, 'target': 4}, {'source': 4, 'target': 5}, {'source': 6, 'target': 8}]}",9,2,"[1, 1, 1, 1, 1, 1, 1, 1, 1]","[[0, 2, 3, 4, 8], [1, 6, 7, 5]]","[{'constant': 1, 'num_descendants': 6.0, 'trophic_levels': 1.0}, {'constant': 1, 'num_descendants': 8.0, 'trophic_levels': 1.0}, {'constant': 1, 'num_descendants': 6.0, 'trophic_levels': 2.0}, {'constant': 1, 'num_descendants': 3.0, 'trophic_levels': 2.5}, {'constant': 1, 'num_descendants': 2.0, 'trophic_levels': 3.25}, {'constant': 1, 'num_descendants': 1.0, 'trophic_levels': 3.125}, {'constant': 1, 'num_descendants': 2.0, 'trophic_levels': 2.5}, {'constant': 1, 'num_descendants': 1.0, 'trophic_levels': 2.0}, {'constant': 1, 'num_descendants': 1.0, 'trophic_levels': 3.5}]","[4.499998542399999, 4.499998542399999, 6.999993062500001, 2.9999972025000003, 2.0000182084, 1.0, 2.9999972025000003, 1.9999899240999999, 1.0]",30.131390623666917,30.144440626709844,30.36184,29.983877003126416,30.649882704586325
36,"{'directed': True, 'multigraph': False, 'graph': {}, 'nodes': [{'id': 0}, {'id': 1}, {'id': 2}, {'id': 3}, {'id': 4}, {'id': 5}, {'id': 6}, {'id': 7}, {'id': 8}], 'links': [{'source': 0, 'target': 7}, {'source': 0, 'target': 5}, {'source': 1, 'target': 2}, {'source': 1, 'target': 5}, {'source': 1, 'target': 6}, {'source': 3, 'target': 4}, {'source': 4, 'target': 8}, {'source': 5, 'target': 8}, {'source': 6, 'target': 7}]}",9,2,"[1, 1, 1, 1, 1, 1, 1, 1, 1]","[[1, 3, 5, 2, 8], [0, 6, 4, 7]]","[{'constant': 1, 'num_descendants': 4.0, 'trophic_levels': 1.0}, {'constant': 1, 'num_descendants': 6.0, 'trophic_levels': 1.0}, {'constant': 1, 'num_descendants': 1.0, 'trophic_levels': 2.0}, {'constant': 1, 'num_descendants': 3.0, 'trophic_levels': 1.0}, {'constant': 1, 'num_descendants': 2.0, 'trophic_levels': 2.0}, {'constant': 1, 'num_descendants': 2.0, 'trophic_levels': 2.0}, {'constant': 1, 'num_descendants': 2.0, 'trophic_levels': 2.0}, {'constant': 1, 'num_descendants': 1.0, 'trophic_levels': 2.5}, {'constant': 1, 'num_descendants': 1.0, 'trophic_levels': 3.0}]","[4.0, 5.000009044899999, 1.9999899240999999, 4.0, 1.9999899240999999, 2.9999972025000003, 2.9999972025000003, 1.0, 1.0]",29.192541039324144,29.222783074238816,29.05719,29.08955201241659,29.431678016041538
37,"{'directed': True, 'multigraph': False, 'graph': {}, 'nodes': [{'id': 0}, {'id': 1}, {'id': 2}, {'id': 3}, {'id': 4}, {'id': 5}, {'id': 6}, {'id': 7}, {'id': 8}], 'links': [{'source': 0, 'target': 6}, {'source': 0, 'target': 2}, {'source': 1, 'target': 6}, {'source': 1, 'target': 8}, {'source': 2, 'target': 8}, {'source': 3, 'target': 8}, {'source': 3, 'target': 7}, {'source': 4, 'target': 7}, {'source': 4, 'target': 6}]}",9,2,"[1, 1, 1, 1, 1, 1, 1, 1, 1]","[[0, 3, 2, 7, 8], [1, 4, 5, 6]]","[{'constant': 1, 'num_descendants': 4.0, 'trophic_levels': 1.0}, {'constant': 1, 'num_descendants': 3.0, 'trophic_levels': 1.0}, {'constant': 1, 'num_descendants': 2.0, 'trophic_levels': 2.0}, {'constant': 1, 'num_descendants': 3.0, 'trophic_levels': 1.0}, {'constant': 1, 'num_descendants': 3.0, 'trophic_levels': 1.0}, {'constant': 1, 'num_descendants': 1.0, 'trophic_levels': 1.0}, {'constant': 1, 'num_descendants': 1.0, 'trophic_levels': 2.0}, {'constant': 1, 'num_descendants': 1.0, 'trophic_levels': 2.0}, {'constant': 1, 'num_descendants': 1.0, 'trophic_levels': 2.333333333333333}]","[5.000009044899999, 4.0, 2.9999972025000003, 4.0, 2.9999972025000003, 1.9999899240999999, 1.0, 1.9999899240999999, 1.0]",29.194798646073423,29.282933735131508,29.05719,29.05719343476747,29.58253928972525
38,"{'directed': True, 'multigraph': False, 'graph': {}, 'nodes': [{'id': 0}, {'id': 1}, {'id': 2}, {'id': 3}, {'id': 4}, {'id': 5}, {'id': 6}, {'id': 7}, {'id': 8}], 'links': [{'source': 0, 'target': 4}, {'source': 1, 'target': 3}, {'source': 1, 'target': 5}, {'source': 1, 'target': 7}, {'source': 2, 'target': 5}, {'source': 3, 'target': 7}, {'source': 5, 'target': 6}, {'source': 5, 'target': 8}]}",9,2,"[1, 1, 1, 1, 1, 1, 1, 1, 1]","[[1, 2, 5, 6, 7], [0, 3, 4, 8]]","[{'constant': 1, 'num_descendants': 2.0, 'trophic_levels': 1.0}, {'constant': 1, 'num_descendants': 6.0, 'trophic_levels': 1.0}, {'constant': 1, 'num_descendants': 4.0, 'trophic_levels': 1.0}, {'constant': 1, 'num_descendants': 2.0, 'trophic_levels': 2.0}, {'constant': 1, 'num_descendants': 1.0, 'trophic_levels': 2.0}, {'constant': 1, 'num_descendants': 3.0, 'trophic_levels': 2.0}, {'constant': 1, 'num_descendants': 1.0, 'trophic_levels': 3.0}, {'constant': 1, 'num_descendants': 1.0, 'trophic_levels': 2.5}, {'constant': 1, 'num_descendants': 1.0, 'trophic_levels': 3.0}]","[4.0, 5.000009044899999, 4.0, 2.9999972025000003, 1.9999899240999999, 2.9999972025000003, 1.9999899240999999, 1.0, 1.0]",29.287095643867488,29.298550236273947,29.05719,29.121578592869405,29.970257729439894
39,"{'directed': True, 'multigraph': False, 'graph': {}, 'nodes': [{'id': 0}, {'id': 1}, {'id': 2}, {'id': 3}, {'id': 4}, {'id': 5}, {'id': 6}, {'id': 7}, {'id': 8}], 'links': [{'source': 0, 'target': 6}, {'source': 1, 'target': 6}, {'source': 1, 'target': 8}, {'source': 1, 'target': 5}, {'source': 1, 'target': 2}, {'source': 2, 'target': 5}, {'source': 2, 'target': 4}, {'source': 3, 'target': 5}, {'source': 3, 'target': 8}, {'source': 3, 'target': 7}, {'source': 4, 'target': 5}, {'source': 5, 'target': 8}, {'source': 6, 'target': 7}]}",9,2,"[1, 1, 1, 1, 1, 1, 1, 1, 1]","[[1, 2, 4, 5, 8], [3, 0, 6, 7]]","[{'constant': 1, 'num_descendants': 3.0, 'trophic_levels': 1.0}, {'constant': 1, 'num_descendants': 7.0, 'trophic_levels': 1.0}, {'constant': 1, 'num_descendants': 4.0, 'trophic_levels': 2.0}, {'constant': 1, 'num_descendants': 4.0, 'trophic_levels': 1.0}, {'constant': 1, 'num_descendants': 3.0, 'trophic_levels': 3.0}, {'constant': 1, 'num_descendants': 2.0, 'trophic_levels': 2.75}, {'constant': 1, 'num_descendants': 2.0, 'trophic_levels': 2.0}, {'constant': 1, 'num_descendants': 1.0, 'trophic_levels': 2.5}, {'constant': 1, 'num_descendants': 1.0, 'trophic_levels': 2.583333333333333}]","[2.9999972025000003, 5.000009044899999, 4.0, 4.0, 2.9999972025000003, 1.9999899240999999, 1.9999899240999999, 1.0, 1.0]",29.142481822620635,29.194035745557812,29.05719,29.05719343476747,29.120631155878616
40,"{'directed': True, 'multigraph': False, 'graph': {}, 'nodes': [{'id': 0}, {'id': 1}, {'id': 2}, {'id': 3}, {'id': 4}, {'id': 5}, {'id': 6}, {'id': 7}, {'id': 8}, {'id': 9}], 'links': [{'source': 0, 'target': 2}, {'source': 0, 'target': 3}, {'source': 1, 'target': 7}, {'source': 1, 'target': 5}, {'source': 1, 'target': 3}, {'source': 2, 'target': 7}, {'source': 2, 'target': 9}, {'source': 2, 'target': 8}, {'source': 3, 'target': 6}, {'source': 4, 'target': 9}, {'source': 4, 'target': 6}, {'source': 5, 'target': 9}, {'source': 6, 'target': 7}]}",10,2,"[1, 1, 1, 1, 1, 1, 1, 1, 1, 1]","[[1, 2, 5, 6, 9], [0, 4, 3, 8, 7]]","[{'constant': 1, 'num_descendants': 7.0, 'trophic_levels': 1.0}, {'constant': 1, 'num_descendants': 6.0, 'trophic_levels': 1.0}, {'constant': 1, 'num_descendants': 4.0, 'trophic_levels': 2.0}, {'constant': 1, 'num_descendants': 3.0, 'trophic_levels': 2.0}, {'constant': 1, 'num_descendants': 4.0, 'trophic_levels': 1.0}, {'constant': 1, 'num_descendants': 2.0, 'trophic_levels': 2.0}, {'constant': 1, 'num_descendants': 2.0, 'trophic_levels': 2.5}, {'constant': 1, 'num_descendants': 1.0, 'trophic_levels': 2.833333333333333}, {'constant': 1, 'num_descendants': 1.0, 'trophic_levels': 3.0}, {'constant': 1, 'num_descendants': 1.0, 'trophic_levels': 2.6666666666666665}]","[5.000009044899999, 4.9999643236, 4.0, 2.9999972025000003, 4.0, 2.9999972025000003, 2.0000182084, 1.0, 1.9999899240999999, 1.0]",33.701201673671015,33.703256005378,33.52933,33.52932938976704,33.8543675170299
41,"{'directed': True, 'multigraph': False, 'graph': {}, 'nodes': [{'id': 0}, {'id': 1}, {'id': 2}, {'id': 3}, {'id': 4}, {'id': 5}, {'id': 6}, {'id': 7}, {'id': 8}, {'id': 9}], 'links': [{'source': 0, 'target': 3}, {'source': 1, 'target': 8}, {'source': 1, 'target': 9}, {'source': 1, 'target': 6}, {'source': 2, 'target': 7}, {'source': 3, 'target': 5}, {'source': 3, 'target': 7}, {'source': 4, 'target': 8}, {'source': 6, 'target': 8}, {'source': 7, 'target': 8}, {'source': 8, 'target': 9}]}",10,2,"[1, 1, 1, 1, 1, 1, 1, 1, 1, 1]","[[1, 3, 4, 7, 8, 9], [0, 2, 6, 5]]","[{'constant': 1, 'num_descendants': 6.0, 'trophic_levels': 1.0}, {'constant': 1, 'num_descendants': 4.0, 'trophic_levels': 1.0}, {'constant': 1, 'num_descendants': 4.0, 'trophic_levels': 1.0}, {'constant': 1, 'num_descendants': 5.0, 'trophic_levels': 2.0}, {'constant': 1, 'num_descendants': 3.0, 'trophic_levels': 1.0}, {'constant': 1, 'num_descendants': 1.0, 'trophic_levels': 3.0}, {'constant': 1, 'num_descendants': 3.0, 'trophic_levels': 2.0}, {'constant': 1, 'num_descendants': 3.0, 'trophic_levels': 2.5}, {'constant': 1, 'num_descendants': 2.0, 'trophic_levels': 2.625}, {'constant': 1, 'num_descendants': 1.0, 'trophic_levels': 2.8125}]","[5.000009044899999, 5.000009044899999, 2.9999972025000003, 5.000009044899999, 4.0, 1.0, 1.9999899240999999, 2.9999972025000003, 1.9999899240999999, 1.0]",34.22419838320647,34.293931672178246,34.00146,34.00146534476663,34.091847410725386
42,"{'directed': True, 'multigraph': False, 'graph': {}, 'nodes': [{'id': 0}, {'id': 1}, {'id': 2}, {'id': 3}, {'id': 4}, {'id': 5}, {'id': 6}, {'id': 7}, {'id': 8}, {'id': 9}], 'links': [{'source': 0, 'target': 9}, {'source': 0, 'target': 8}, {'source': 0, 'target': 4}, {'source': 2, 'target': 8}, {'source': 2, 'target': 9}, {'source': 3, 'target': 9}, {'source': 4, 'target': 6}, {'source': 5, 'target': 6}, {'source': 5, 'target': 7}, {'source': 6, 'target': 7}, {'source': 7, 'target': 9}]}",10,2,"[1, 1, 1, 1, 1, 1, 1, 1, 1, 1]","[[0, 5, 4, 6, 7, 9], [2, 3, 1, 8]]","[{'constant': 1, 'num_descendants': 6.0, 'trophic_levels': 1.0}, {'constant': 1, 'num_descendants': 1.0, 'trophic_levels': 1.0}, {'constant': 1, 'num_descendants': 3.0, 'trophic_levels': 1.0}, {'constant': 1, 'num_descendants': 2.0, 'trophic_levels': 1.0}, {'constant': 1, 'num_descendants': 4.0, 'trophic_levels': 2.0}, {'constant': 1, 'num_descendants': 4.0, 'trophic_levels': 1.0}, {'constant': 1, 'num_descendants': 3.0, 'trophic_levels': 2.5}, {'constant': 1, 'num_descendants': 2.0, 'trophic_levels': 2.75}, {'constant': 1, 'num_descendants': 1.0, 'trophic_levels': 2.0}, {'constant': 1, 'num_descendants': 1.0, 'trophic_levels': 2.4375}]","[6.0000012600999995, 1.9999899240999999, 4.0, 2.9999972025000003, 4.0, 5.000009044899999, 2.9999972025000003, 1.9999899240999999, 1.0, 1.0]",33.991700743417624,34.14224473435364,33.95617,33.95617292033383,33.86024572524655
43,"{'directed': True, 'multigraph': False, 'graph': {}, 'nodes': [{'id': 0}, {'id': 1}, {'id': 2}, {'id': 3}, {'id': 4}, {'id': 5}, {'id': 6}, {'id': 7}, {'id': 8}, {'id': 9}], 'links': [{'source': 0, 'target': 6}, {'source': 1, 'target': 2}, {'source': 1, 'target': 8}, {'source': 2, 'target': 5}, {'source': 3, 'target': 5}, {'source': 5, 'target': 8}, {'source': 5, 'target': 7}, {'source': 5, 'target': 6}, {'source': 6, 'target': 7}, {'source': 6, 'target': 8}]}",10,2,"[1, 1, 1, 1, 1, 1, 1, 1, 1, 1]","[[1, 3, 5, 6, 7], [0, 2, 4, 9, 8]]","[{'constant': 1, 'num_descendants': 4.0, 'trophic_levels': 1.0}, {'constant': 1, 'num_descendants': 6.0, 'trophic_levels': 1.0}, {'constant': 1, 'num_descendants': 5.0, 'trophic_levels': 2.0}, {'constant': 1, 'num_descendants': 5.0, 'trophic_levels': 1.0}, {'constant': 1, 'num_descendants': 1.0, 'trophic_levels': 1.0}, {'constant': 1, 'num_descendants': 4.0, 'trophic_levels': 2.5}, {'constant': 1, 'num_descendants': 3.0, 'trophic_levels': 2.75}, {'constant': 1, 'num_descendants': 1.0, 'trophic_levels': 3.625}, {'constant': 1, 'num_descendants': 1.0, 'trophic_levels': 3.083333333333333}, {'constant': 1, 'num_descendants': 1.0, 'trophic_levels': 1.0}]","[5.000009044899999, 5.000009044899999, 4.0, 4.0, 2.9999972025000003, 2.9999972025000003, 2.0000182084, 1.0, 1.0, 1.9999899240999999]",33.91721434530436,33.9903692867534,33.52933,33.52932938976704,34.360139415203314
44,"{'directed': True, 'multigraph': False, 'graph': {}, 'nodes': [{'id': 0}, {'id': 1}, {'id': 2}, {'id': 3}, {'id': 4}, {'id': 5}, {'id': 6}, {'id': 7}, {'id': 8}, {'id': 9}], 'links': [{'source': 0, 'target': 7}, {'source': 0, 'target': 8}, {'source': 0, 'target': 6}, {'source': 1, 'target': 9}, {'source': 1, 'target': 3}, {'source': 1, 'target': 2}, {'source': 1, 'target': 7}, {'source': 2, 'target': 4}, {'source': 2, 'target': 5}, {'source': 3, 'target': 7}, {'source': 3, 'target': 4}, {'source': 4, 'target': 8}, {'source': 4, 'target': 7}, {'source': 5, 'target': 9}, {'source': 6, 'target': 8}, {'source': 7, 'target': 9}]}",10,2,"[1, 1, 1, 1, 1, 1, 1, 1, 1, 1]","[[1, 3, 4, 5, 8], [0, 2, 6, 7, 9]]","[{'constant': 1, 'num_descendants': 5.0, 'trophic_levels': 1.0}, {'constant': 1, 'num_descendants': 8.0, 'trophic_levels': 1.0}, {'constant': 1, 'num_descendants': 6.0, 'trophic_levels': 2.0}, {'constant': 1, 'num_descendants': 5.0, 'trophic_levels': 2.0}, {'constant': 1, 'num_descendants': 4.0, 'trophic_levels': 3.0}, {'constant': 1, 'num_descendants': 2.0, 'trophic_levels': 3.0}, {'constant': 1, 'num_descendants': 2.0, 'trophic_levels': 2.0}, {'constant': 1, 'num_descendants': 2.0, 'trophic_levels': 2.75}, {'constant': 1, 'num_descendants': 1.0, 'trophic_levels': 3.0}, {'constant': 1, 'num_descendants': 1.0, 'trophic_levels': 3.25}]","[4.9995618409, 5.0004115456, 4.0005200168999995, 3.9994800169, 3.0005514841000003, 2.0001030625, 2.9994429720999998, 1.9999050724, 1.0, 1.0]",33.66258226255981,33.7403204803635,33.52933,33.52932938976705,34.26599998210384
45,"{'directed': True, 'multigraph': False, 'graph': {}, 'nodes': [{'id': 0}, {'id': 1}, {'id': 2}, {'id': 3}, {'id': 4}, {'id': 5}, {'id': 6}, {'id': 7}, {'id': 8}, {'id': 9}], 'links': [{'source': 0, 'target': 4}, {'source': 0, 'target': 3}, {'source': 0, 'target': 6}, {'source': 1, 'target': 4}, {'source': 2, 'target': 8}, {'source': 2, 'target': 4}, {'source': 3, 'target': 9}, {'source': 3, 'target': 4}, {'source': 4, 'target': 8}, {'source': 5, 'target': 9}, {'source': 5, 'target': 7}, {'source': 5, 'target': 8}, {'source': 6, 'target': 7}, {'source': 7, 'target': 9}, {'source': 8, 'target': 9}]}",10,2,"[1, 1, 1, 1, 1, 1, 1, 1, 1, 1]","[[0, 2, 1, 4, 8, 9], [5, 3, 6, 7]]","[{'constant': 1, 'num_descendants': 7.0, 'trophic_levels': 1.0}, {'constant': 1, 'num_descendants': 4.0, 'trophic_levels': 1.0}, {'constant': 1, 'num_descendants': 4.0, 'trophic_levels': 1.0}, {'constant': 1, 'num_descendants': 4.0, 'trophic_levels': 2.0}, {'constant': 1, 'num_descendants': 3.0, 'trophic_levels': 2.25}, {'constant': 1, 'num_descendants': 4.0, 'trophic_levels': 1.0}, {'constant': 1, 'num_descendants': 3.0, 'trophic_levels': 2.0}, {'constant': 1, 'num_descendants': 2.0, 'trophic_levels': 2.5}, {'constant': 1, 'num_descendants': 2.0, 'trophic_levels': 2.4166666666666665}, {'constant': 1, 'num_descendants': 1.0, 'trophic_levels': 2.9791666666666665}]","[5.8806735000999995, 3.8807030025, 4.880697192899999, 3.1193211456, 2.8806915076, 4.1193167521, 2.1193245240999996, 1.1193216804, 1.8806831044, 1.0]",34.12800531324386,34.26456316175508,33.96471,34.05425174926667,34.214138578511665
46,"{'directed': True, 'multigraph': False, 'graph': {}, 'nodes': [{'id': 0}, {'id': 1}, {'id': 2}, {'id': 3}, {'id': 4}, {'id': 5}, {'id': 6}, {'id': 7}, {'id': 8}, {'id': 9}], 'links': [{'source': 0, 'target': 3}, {'source': 0, 'target': 2}, {'source': 1, 'target': 9}, {'source': 2, 'target': 4}, {'source': 2, 'target': 3}, {'source': 2, 'target': 8}, {'source': 3, 'target': 7}, {'source': 3, 'target': 9}, {'source': 4, 'target': 7}, {'source': 4, 'target': 8}, {'source': 4, 'target': 5}, {'source': 5, 'target': 7}]}",10,2,"[1, 1, 1, 1, 1, 1, 1, 1, 1, 1]","[[0, 2, 4, 1, 6, 9], [3, 5, 8, 7]]","[{'constant': 1, 'num_descendants': 8.0, 'trophic_levels': 1.0}, {'constant': 1, 'num_descendants': 2.0, 'trophic_levels': 1.0}, {'constant': 1, 'num_descendants': 7.0, 'trophic_levels': 2.0}, {'constant': 1, 'num_descendants': 3.0, 'trophic_levels': 2.5}, {'constant': 1, 'num_descendants': 4.0, 'trophic_levels': 3.0}, {'constant': 1, 'num_descendants': 2.0, 'trophic_levels': 4.0}, {'constant': 1, 'num_descendants': 1.0, 'trophic_levels': 1.0}, {'constant': 1, 'num_descendants': 1.0, 'trophic_levels': 4.166666666666666}, {'constant': 1, 'num_descendants': 1.0, 'trophic_levels': 3.5}, {'constant': 1, 'num_descendants': 1.0, 'trophic_levels': 2.75}]","[10.0000147984, 2.9999972025000003, 9.0, 3.9991200483999996, 4.0008800484, 2.9999972025000003, 1.9999899240999999, 1.0, 1.9999899240999999, 1.0]",35.65719455985756,35.84411315883142,36.90961,35.68270143156485,37.523912295019414
47,"{'directed': True, 'multigraph': False, 'graph': {}, 'nodes': [{'id': 0}, {'id': 1}, {'id': 2}, {'id': 3}, {'id': 4}, {'id': 5}, {'id': 6}, {'id': 7}, {'id': 8}, {'id': 9}], 'links': [{'source': 0, 'target': 8}, {'source': 0, 'target': 2}, {'source': 0, 'target': 7}, {'source': 0, 'target': 4}, {'source': 0, 'target': 6}, {'source': 1, 'target': 6}, {'source': 2, 'target': 6}, {'source': 2, 'target': 3}, {'source': 2, 'target': 8}, {'source': 3, 'target': 9}, {'source': 8, 'target': 9}]}",10,2,"[1, 1, 1, 1, 1, 1, 1, 1, 1, 1]","[[0, 2, 3, 5, 4, 9], [1, 8, 7, 6]]","[{'constant': 1, 'num_descendants': 8.0, 'trophic_levels': 1.0}, {'constant': 1, 'num_descendants': 2.0, 'trophic_levels': 1.0}, {'constant': 1, 'num_descendants': 5.0, 'trophic_levels': 2.0}, {'constant': 1, 'num_descendants': 2.0, 'trophic_levels': 3.0}, {'constant': 1, 'num_descendants': 1.0, 'trophic_levels': 2.0}, {'constant': 1, 'num_descendants': 1.0, 'trophic_levels': 1.0}, {'constant': 1, 'num_descendants': 1.0, 'trophic_levels': 2.333333333333333}, {'constant': 1, 'num_descendants': 1.0, 'trophic_levels': 2.0}, {'constant': 1, 'num_descendants': 2.0, 'trophic_levels': 2.5}, {'constant': 1, 'num_descendants': 1.0, 'trophic_levels': 3.75}]","[8.1049534864, 1.8950550920999998, 7.104943560099999, 4.0, 1.9999899240999999, 2.9999972025000003, 1.0, 1.9999899240999999, 2.9999972025000003, 1.0]",34.53739193998184,34.7163698557533,34.36313,35.18125155748045,35.72367931819677
48,"{'directed': True, 'multigraph': False, 'graph': {}, 'nodes': [{'id': 0}, {'id': 1}, {'id': 2}, {'id': 3}, {'id': 4}, {'id': 5}, {'id': 6}, {'id': 7}, {'id': 8}, {'id': 9}], 'links': [{'source': 0, 'target': 6}, {'source': 0, 'target': 8}, {'source': 0, 'target': 7}, {'source': 1, 'target': 2}, {'source': 1, 'target': 9}, {'source': 1, 'target': 7}, {'source': 2, 'target': 3}, {'source': 2, 'target': 5}, {'source': 2, 'target': 6}, {'source': 2, 'target': 8}, {'source': 3, 'target': 7}, {'source': 3, 'target': 4}, {'source': 3, 'target': 9}, {'source': 5, 'target': 7}, {'source': 5, 'target': 8}, {'source': 6, 'target': 7}, {'source': 8, 'target': 9}]}",10,2,"[1, 1, 1, 1, 1, 1, 1, 1, 1, 1]","[[0, 2, 3, 6, 4, 9], [1, 5, 8, 7]]","[{'constant': 1, 'num_descendants': 5.0, 'trophic_levels': 1.0}, {'constant': 1, 'num_descendants': 9.0, 'trophic_levels': 1.0}, {'constant': 1, 'num_descendants': 8.0, 'trophic_levels': 2.0}, {'constant': 1, 'num_descendants': 4.0, 'trophic_levels': 3.0}, {'constant': 1, 'num_descendants': 1.0, 'trophic_levels': 4.0}, {'constant': 1, 'num_descendants': 4.0, 'trophic_levels': 3.0}, {'constant': 1, 'num_descendants': 2.0, 'trophic_levels': 2.5}, {'constant': 1, 'num_descendants': 1.0, 'trophic_levels': 3.0999999999999996}, {'constant': 1, 'num_descendants': 2.0, 'trophic_levels': 3.0}, {'constant': 1, 'num_descendants': 1.0, 'trophic_levels': 3.333333333333333}]","[5.000009044899999, 5.000009044899999, 8.0000162649, 4.0, 1.9999899240999999, 2.9999972025000003, 2.9999972025000003, 1.0, 1.9999899240999999, 1.0]",35.86994993532146,35.88290235878149,35.18618,35.23742337812237,35.20409685317106
49,"{'directed': True, 'multigraph': False, 'graph': {}, 'nodes': [{'id': 0}, {'id': 1}, {'id': 2}, {'id': 3}, {'id': 4}, {'id': 5}, {'id': 6}, {'id': 7}, {'id': 8}, {'id': 9}], 'links': [{'source': 0, 'target': 5}, {'source': 0, 'target': 7}, {'source': 0, 'target': 2}, {'source': 0, 'target': 6}, {'source': 1, 'target': 4}, {'source': 1, 'target': 2}, {'source': 2, 'target': 9}, {'source': 2, 'target': 5}, {'source': 2, 'target': 3}, {'source': 4, 'target': 9}, {'source': 4, 'target': 7}, {'source': 4, 'target': 6}]}",10,2,"[1, 1, 1, 1, 1, 1, 1, 1, 1, 1]","[[0, 4, 8, 6, 5], [1, 2, 7, 9, 3]]","[{'constant': 1, 'num_descendants': 7.0, 'trophic_levels': 1.0}, {'constant': 1, 'num_descendants': 8.0, 'trophic_levels': 1.0}, {'constant': 1, 'num_descendants': 4.0, 'trophic_levels': 2.0}, {'constant': 1, 'num_descendants': 1.0, 'trophic_levels': 3.0}, {'constant': 1, 'num_descendants': 4.0, 'trophic_levels': 2.0}, {'constant': 1, 'num_descendants': 1.0, 'trophic_levels': 2.5}, {'constant': 1, 'num_descendants': 1.0, 'trophic_levels': 2.5}, {'constant': 1, 'num_descendants': 1.0, 'trophic_levels': 2.5}, {'constant': 1, 'num_descendants': 1.0, 'trophic_levels': 1.0}, {'constant': 1, 'num_descendants': 1.0, 'trophic_levels': 3.0}]","[5.000009044899999, 5.000009044899999, 3.9998800009, 1.0, 4.000120000900001, 1.0, 1.9999899240999999, 2.9999972025000003, 2.9999972025000003, 1.9999899240999999]",33.9575393653405,34.050283953436846,33.52933,33.52932938976704,35.13176775382328
